{
    "lumi16":35917.213466,
    "lumi17":41521.427777,
    "lumi18":59692.687741,
    "XSECS":{
        "ttbar":831.76,
        "ttbar-allhad":377.96,
        "ttbar-semilep":365.34,
        "QCDHT700":6802,
        "QCDHT1000":1206,
        "QCDHT1500":120.4,
        "QCDHT2000":25.25,
        "QCDHT700ext":6802,
        "QCDHT1000ext":1206,
        "QCDHT1500ext":120.4,
        "QCDHT2000ext":25.25,
        "singletop_s":10.32,
        "singletop_t":136.02,
        "singletop_tW":35.85,
        "singletop_tB":80.95,
        "singletop_tWB":35.85,
        "WjetsHT600":68.57,
        "signalLH1200":1.0,
        "signalLH1400":1.0,
        "signalLH1600":0.1,
        "signalLH1800":0.1,
        "signalLH2000":0.1,
        "signalLH2200":0.01,
        "signalLH2400":0.01,
        "signalLH2600":0.01,
        "signalLH2800":0.01,
        "signalLH3000":0.001,
        "signalLH3200":0.001,
        "signalLH3400":0.001,
        "signalLH3600":0.001,
        "signalLH3800":0.0001,
        "signalLH4000":0.0001,
        "signalRH1200":1.0,
        "signalRH1400":1.0,
        "signalRH1600":0.1,
        "signalRH1800":0.1,
        "signalRH2000":0.1,
        "signalRH2200":0.01,
        "signalRH2400":0.01,
        "signalRH2600":0.01,
        "signalRH2800":0.01,
        "signalRH3000":0.001,
        "signalRH3200":0.001,
        "signalRH3400":0.001,
        "signalRH3600":0.001,
        "signalRH3800":0.0001,
        "signalRH4000":0.0001
    },
    "CUTS":{
        "16":{
            "tau21":0.4,
            "tau32":0.65,
            "sjbtag":0.2217,
            "deltaY":[-1.6,1.6],
            "mW":[65.0,105.0],
            "mtop":[105.0,220.0]
        },
        "18":{
            "tau21":0.45,
            "tau32":0.65,
            "sjbtag":0.1522,
            "deltaY":[-1.6,1.6],
            "mW":[65.0,105.0],
            "mtop":[105.0,220.0]
        },
        "17":{
            "tau21":0.45,
            "tau32":0.65,
            "sjbtag":0.1241,
            "deltaY":[-1.6,1.6],
            "mW":[65.0,105.0],
            "mtop":[105.0,220.0]
        }
    }
}
