{
    "lumi16":35917.213466,
    "lumi17":41521.427777,
    "lumi18":59692.687741,
    "XSECS":{
        "ttbar":831.76,
        "ttbar-allhad":377.96,
        "ttbar-semilep":365.34,
        "QCDHT700":6802,
        "QCDHT1000":1206,
        "QCDHT1500":120.4,
        "QCDHT2000":25.25,
        "QCDHT700ext":6802,
        "QCDHT1000ext":1206,
        "QCDHT1500ext":120.4,
        "QCDHT2000ext":25.25,
        "singletop_s":10.32,
        "singletop_t":136.02,
        "singletop_tW":35.85,
        "singletop_tB":80.95,
        "singletop_tWB":35.85,
        "WjetsHT600":68.57,
        "signalLH1200":1.0,
        "signalLH1400":1.0,
        "signalLH1600":0.1,
        "signalLH1800":0.1,
        "signalLH2000":0.1,
        "signalLH2200":0.01,
        "signalLH2400":0.01,
        "signalLH2600":0.01,
        "signalLH2800":0.01,
        "signalLH3000":0.001,
        "signalLH3200":0.001,
        "signalLH3400":0.001,
        "signalLH3600":0.001,
        "signalLH3800":0.0001,
        "signalLH4000":0.0001,
        "signalRH1200":1.0,
        "signalRH1400":1.0,
        "signalRH1600":0.1,
        "signalRH1800":0.1,
        "signalRH2000":0.1,
        "signalRH2200":0.01,
        "signalRH2400":0.01,
        "signalRH2600":0.01,
        "signalRH2800":0.01,
        "signalRH3000":0.001,
        "signalRH3200":0.001,
        "signalRH3400":0.001,
        "signalRH3600":0.001,
        "signalRH3800":0.0001,
        "signalRH4000":0.0001
    },
    "CUTS":{
        "16":{
            "tau21":0.4,
            "tau32":0.65,
            "sjbtag":0.2217,
            "deltaY":[-1.6,1.6],
            "mW":[65.0,105.0],
            "mtop":[105.0,220.0],
	    "deepAK8w":0.9,
	    "deepAK8top": 0.8
        },
        "18":{
            "tau21":0.45,
            "tau32":0.65,
            "sjbtag":0.1522,
            "deltaY":[-1.6,1.6],
            "mW":[65.0,105.0],
            "mtop":[105.0,220.0],
            "deepAK8w":0.9,
            "deepAK8top": 0.8
        },
        "17":{
            "tau21":0.45,
            "tau32":0.65,
            "sjbtag":0.1241,
            "deltaY":[-1.6,1.6],
            "mW":[65.0,105.0],
            "mtop":[105.0,220.0],
            "deepAK8w":0.9,
            "deepAK8top": 0.8
        }
    },
    "NEVENTS" :{
        "16": {
            "signalRH4000": 100000,
            "QCDHT1000ext": 10217072,
            "QCDHT1500": 3970819,
            "signalLH3000": 100000,
            "QCDHT1500ext": 7868538,
            "signalLH2400": 100000,
            "signalLH1200": 100000,
            "signalLH3200": 99500,
            "QCDHT700ext": 21604533,
            "signalRH3000": 100000,
            "signalLH4000": 99500,
            "QCDHT700": 15629253,
            "signalRH2200": 100000,
            "signalLH2200": 97000,
            "singletop_tWB": 998276,
            "singletop_t": 67105876,
            "signalRH1200": 100000,
            "signalLH2800": 100000,
            "signalLH3400": 100000,
            "singletop_s": 2989199,
            "signalLH1600": 100000,
            "singletop_tB": 38811017,
            "QCDHT2000": 1991645,
            "signalRH2000": 100000,
            "signalRH1400": 99800,
            "QCDHT2000ext": 4027896,
            "signalRH2600": 100000,
            "signalRH3600": 100000,
            "signalRH1600": 99200,
            "signalLH2600": 100000,
            "signalLH1400": 100000,
            "WjetsHT600": 1026587,
            "signalRH2800": 100000,
            "singletop_tW": 992024,
            "signalLH2000": 100000,
            "signalLH3800": 100000,
            "QCDHT1000": 4850746,
            "signalRH3200": 100000,
            "signalLH1800": 100000,
            "signalLH3600": 99500,
            "signalRH3800": 100000,
            "signalRH3400": 100000,
            "ttbar": 76915549,
            "signalRH1800": 97600,
            "signalRH2400": 100000
        },
        "17": {
            "signalRH4000": 100000,
            "signalLH1600": 100000,
            "signalLH2600": 100000,
            "singletop_t": 5982064,
            "WjetsHT400": 9441439,
            "singletop_tWB": 7977430,
            "signalRH3600": 96000,
            "signalRH2600": 100000,
            "signalRH2800": 100000,
            "signalLH3000": 96000,
            "signalLH2400": 100000,
            "QCDHT2000": 5941306,
            "signalRH1600": 100000,
            "signalLH2200": 93000,
            "signalRH3200": 100000,
            "signalLH4200": 96000,
            "signalLH3600": 100000,
            "signalRH3800": 96000,
            "singletop_tB": 3675910,
            "signalRH1800": 94000,
            "signalLH1800": 100000,
            "signalRH1400": 100000,
            "ttbar": 197296000,
            "signalLH2000": 100000,
            "signalLH1400": 100000,
            "signalRH2400": 100000,
            "WjetsHT800": 8081153,
            "QCDHT700": 47630084,
            "signalLH1200": 100000,
            "signalRH3400": 100000,
            "signalLH4000": 96000,
            "signalLH3200": 100000,
            "signalRH2200": 100000,
            "QCDHT1000": 16595628,
            "signalLH3400": 100000,
            "ttbar-semilep": 197670000,
            "singletop_tW": 7794186,
            "signalRH2000": 100000,
            "QCDHT1500": 11634434,
            "signalLH3800": 96000,
            "signalRH1200": 100000
        },
        "18": {
            "signalRH2200": 100000,
            "QCDHT1000": 15466225,
            "singletop_tWB": 7623000,
            "WjetsHT600": 15298056,
            "signalLH3800": 100000,
            "QCDHT700": 48158738,
            "signalRH2800": 100000,
            "signalRH3400": 100000,
            "signalRH1600": 100000,
            "signalRH3800": 100000,
            "WjetsHT800": 14627242,
            "QCDHT2000": 5475677,
            "signalLH1800": 100000,
            "signalRH3200": 100000,
            "signalLH2600": 100000,
            "signalLH3600": 100000,
            "signalLH1600": 100000,
            "signalRH2600": 96000,
            "signalRH1400": 100000,
            "signalLH2800": 100000,
            "signalRH2000": 100000,
            "signalLH2000": 97000,
            "signalRH3600": 100000,
            "singletop_tW": 9598000,
            "QCDHT1500": 10955087,
            "signalLH1200": 100000,
            "signalLH3400": 100000,
            "singletop_s": 9706000,
            "signalLH3200": 100000,
            "WjetsHT400": 10071273,
            "singletop_t": 154307600,
            "signalLH4000": 100000,
            "signalRH3000": 100000,
            "singletop_tB": 79090800,
            "ttbar": 131024000,
            "signalRH2400": 100000,
            "signalRH1200": 100000,
            "signalLH1400": 100000,
            "signalRH1800": 100000,
            "signalLH2400": 100000,
            "signalLH3000": 100000,
            "ttbar-semilep": 101550000,
            "signalRH4000": 100000,
            "signalLH2200": 84000
        }
    }
}
